Canadian Interest Rates,,
,,
,,
Daily series: 2016-12-30 - 2026-01-28,,
V39079 = Target for the overnight rate,,
,,
Summary,Date,V39079
Low,3/2/2022,0.25
High,6/5/2024,5
Average,2016-12-30 - 2026-01-28,2.07
,,
Date,V39079,
1/28/2026,2.25,
1/27/2026,2.25,
1/26/2026,2.25,
1/23/2026,2.25,
1/22/2026,2.25,
1/21/2026,2.25,
1/20/2026,2.25,
1/19/2026,2.25,
1/16/2026,2.25,
1/15/2026,2.25,
1/14/2026,2.25,
1/13/2026,2.25,
1/12/2026,2.25,
1/9/2026,2.25,
1/8/2026,2.25,
1/7/2026,2.25,
1/6/2026,2.25,
1/5/2026,2.25,
1/2/2026,2.25,
1/1/2026,2.25,
12/31/2025,2.25,
12/30/2025,2.25,
12/29/2025,2.25,
12/26/2025, Bank holiday,
12/25/2025, Bank holiday,
12/24/2025,2.25,
12/23/2025,2.25,
12/22/2025,2.25,
12/19/2025,2.25,
12/18/2025,2.25,
12/17/2025,2.25,
12/16/2025,2.25,
12/15/2025,2.25,
12/12/2025,2.25,
12/11/2025,2.25,
12/10/2025,2.25,
12/9/2025,2.25,
12/8/2025,2.25,
12/5/2025,2.25,
12/4/2025,2.25,
12/3/2025,2.25,
12/2/2025,2.25,
12/1/2025,2.25,
11/28/2025,2.25,
11/27/2025,2.25,
11/26/2025,2.25,
11/25/2025,2.25,
11/24/2025,2.25,
11/21/2025,2.25,
11/20/2025,2.25,
11/19/2025,2.25,
11/18/2025,2.25,
11/17/2025,2.25,
11/14/2025,2.25,
11/13/2025,2.25,
11/12/2025,2.25,
11/11/2025,2.25,
11/10/2025,2.25,
11/7/2025,2.25,
11/6/2025,2.25,
11/5/2025,2.25,
11/4/2025,2.25,
11/3/2025,2.25,
10/31/2025,2.25,
10/30/2025,2.25,
10/29/2025,2.5,
10/28/2025,2.5,
10/27/2025,2.5,
10/24/2025,2.5,
10/23/2025,2.5,
10/22/2025,2.5,
10/21/2025,2.5,
10/20/2025,2.5,
10/17/2025,2.5,
10/16/2025,2.5,
10/15/2025,2.5,
10/14/2025,2.5,
10/13/2025, Bank holiday,
10/10/2025,2.5,
10/9/2025,2.5,
10/8/2025,2.5,
10/7/2025,2.5,
10/6/2025,2.5,
10/3/2025,2.5,
10/2/2025,2.5,
10/1/2025,2.5,
9/30/2025,2.5,
9/29/2025,2.5,
9/26/2025,2.5,
9/25/2025,2.5,
9/24/2025,2.5,
9/23/2025,2.5,
9/22/2025,2.5,
9/19/2025,2.5,
9/18/2025,2.5,
9/17/2025,2.75,
9/16/2025,2.75,
9/15/2025,2.75,
9/12/2025,2.75,
9/11/2025,2.75,
9/10/2025,2.75,
9/9/2025,2.75,
9/8/2025,2.75,
9/5/2025,2.75,
9/4/2025,2.75,
9/3/2025,2.75,
9/2/2025,2.75,
9/1/2025,2.75,
8/29/2025,2.75,
8/28/2025,2.75,
8/27/2025,2.75,
8/26/2025,2.75,
8/25/2025,2.75,
8/22/2025,2.75,
8/21/2025,2.75,
8/20/2025,2.75,
8/19/2025,2.75,
8/18/2025,2.75,
8/15/2025,2.75,
8/14/2025,2.75,
8/13/2025,2.75,
8/12/2025,2.75,
8/11/2025,2.75,
8/8/2025,2.75,
8/7/2025,2.75,
8/6/2025,2.75,
8/5/2025,2.75,
8/4/2025,2.75,
8/1/2025,2.75,
7/31/2025,2.75,
7/30/2025,2.75,
7/29/2025,2.75,
7/28/2025,2.75,
7/25/2025,2.75,
7/24/2025,2.75,
7/23/2025,2.75,
7/22/2025,2.75,
7/21/2025,2.75,
7/18/2025,2.75,
7/17/2025,2.75,
7/16/2025,2.75,
7/15/2025,2.75,
7/14/2025,2.75,
7/11/2025,2.75,
7/10/2025,2.75,
7/9/2025,2.75,
7/8/2025,2.75,
7/7/2025,2.75,
7/4/2025,2.75,
7/3/2025,2.75,
7/2/2025,2.75,
7/1/2025,2.75,
6/30/2025,2.75,
6/27/2025,2.75,
6/26/2025,2.75,
6/25/2025,2.75,
6/24/2025,2.75,
6/23/2025,2.75,
6/20/2025,2.75,
6/19/2025,2.75,
6/18/2025,2.75,
6/17/2025,2.75,
6/16/2025,2.75,
6/13/2025,2.75,
6/12/2025,2.75,
6/11/2025,2.75,
6/10/2025,2.75,
6/9/2025,2.75,
6/6/2025,2.75,
6/5/2025,2.75,
6/4/2025,2.75,
6/3/2025,2.75,
6/2/2025,2.75,
5/30/2025,2.75,
5/29/2025,2.75,
5/28/2025,2.75,
5/27/2025,2.75,
5/26/2025,2.75,
5/23/2025,2.75,
5/22/2025,2.75,
5/21/2025,2.75,
5/20/2025,2.75,
5/19/2025,2.75,
5/16/2025,2.75,
5/15/2025,2.75,
5/14/2025,2.75,
5/13/2025,2.75,
5/12/2025,2.75,
5/9/2025,2.75,
5/8/2025,2.75,
5/7/2025,2.75,
5/6/2025,2.75,
5/5/2025,2.75,
5/2/2025,2.75,
5/1/2025,2.75,
4/30/2025,2.75,
4/29/2025,2.75,
4/28/2025,2.75,
4/25/2025,2.75,
4/24/2025,2.75,
4/23/2025,2.75,
4/22/2025,2.75,
4/21/2025,2.75,
4/18/2025,2.75,
4/17/2025,2.75,
4/16/2025,2.75,
4/15/2025,2.75,
4/14/2025,2.75,
4/11/2025,2.75,
4/10/2025,2.75,
4/9/2025,2.75,
4/8/2025,2.75,
4/7/2025,2.75,
4/4/2025,2.75,
4/3/2025,2.75,
4/2/2025,2.75,
4/1/2025,2.75,
3/31/2025,2.75,
3/28/2025,2.75,
3/27/2025,2.75,
3/26/2025,2.75,
3/25/2025,2.75,
3/24/2025,2.75,
3/21/2025,2.75,
3/20/2025,2.75,
3/19/2025,2.75,
3/18/2025,2.75,
3/17/2025,2.75,
3/14/2025,2.75,
3/13/2025,2.75,
3/12/2025,3,
3/11/2025,3,
3/10/2025,3,
3/7/2025,3,
3/6/2025,3,
3/5/2025,3,
3/4/2025,3,
3/3/2025,3,
2/28/2025,3,
2/27/2025,3,
2/26/2025,3,
2/25/2025,3,
2/24/2025,3,
2/21/2025,3,
2/20/2025,3,
2/19/2025,3,
2/18/2025,3,
2/17/2025,3,
2/14/2025,3,
2/13/2025,3,
2/12/2025,3,
2/11/2025,3,
2/10/2025,3,
2/7/2025,3,
2/6/2025,3,
2/5/2025,3,
2/4/2025,3,
2/3/2025,3,
1/31/2025,3,
1/30/2025,3,
1/29/2025,3.25,
1/28/2025,3.25,
1/27/2025,3.25,
1/24/2025,3.25,
1/23/2025,3.25,
1/22/2025,3.25,
1/21/2025,3.25,
1/20/2025,3.25,
1/17/2025,3.25,
1/16/2025,3.25,
1/15/2025,3.25,
1/14/2025,3.25,
1/13/2025,3.25,
1/10/2025,3.25,
1/9/2025,3.25,
1/8/2025,3.25,
1/7/2025,3.25,
1/6/2025,3.25,
1/3/2025,3.25,
1/2/2025,3.25,
1/1/2025,3.25,
12/31/2024,3.25,
12/30/2024,3.25,
12/27/2024,3.25,
12/26/2024,3.25,
12/25/2024,3.25,
12/24/2024,3.25,
12/23/2024,3.25,
12/20/2024,3.25,
12/19/2024,3.25,
12/18/2024,3.25,
12/17/2024,3.25,
12/16/2024,3.25,
12/13/2024,3.25,
12/12/2024,3.25,
12/11/2024,3.75,
12/10/2024,3.75,
12/9/2024,3.75,
12/6/2024,3.75,
12/5/2024,3.75,
12/4/2024,3.75,
12/3/2024,3.75,
12/2/2024,3.75,
11/29/2024,3.75,
11/28/2024,3.75,
11/27/2024,3.75,
11/26/2024,3.75,
11/25/2024,3.75,
11/22/2024,3.75,
11/21/2024,3.75,
11/20/2024,3.75,
11/19/2024,3.75,
11/18/2024,3.75,
11/15/2024,3.75,
11/14/2024,3.75,
11/13/2024,3.75,
11/12/2024,3.75,
11/11/2024,3.75,
11/8/2024,3.75,
11/7/2024,3.75,
11/6/2024,3.75,
11/5/2024,3.75,
11/4/2024,3.75,
11/1/2024,3.75,
10/31/2024,3.75,
10/30/2024,3.75,
10/29/2024,3.75,
10/28/2024,3.75,
10/25/2024,3.75,
10/24/2024,3.75,
10/23/2024,4.25,
10/22/2024,4.25,
10/21/2024,4.25,
10/18/2024,4.25,
10/17/2024,4.25,
10/16/2024,4.25,
10/15/2024,4.25,
10/14/2024,4.25,
10/11/2024,4.25,
10/10/2024,4.25,
10/9/2024,4.25,
10/8/2024,4.25,
10/7/2024,4.25,
10/4/2024,4.25,
10/3/2024,4.25,
10/2/2024,4.25,
10/1/2024,4.25,
9/30/2024,4.25,
9/27/2024,4.25,
9/26/2024,4.25,
9/25/2024,4.25,
9/24/2024,4.25,
9/23/2024,4.25,
9/20/2024,4.25,
9/19/2024,4.25,
9/18/2024,4.25,
9/17/2024,4.25,
9/16/2024,4.25,
9/13/2024,4.25,
9/12/2024,4.25,
9/11/2024,4.25,
9/10/2024,4.25,
9/9/2024,4.25,
9/6/2024,4.25,
9/5/2024,4.25,
9/4/2024,4.5,
9/3/2024,4.5,
9/2/2024,4.5,
8/30/2024,4.5,
8/29/2024,4.5,
8/28/2024,4.5,
8/27/2024,4.5,
8/26/2024,4.5,
8/23/2024,4.5,
8/22/2024,4.5,
8/21/2024,4.5,
8/20/2024,4.5,
8/19/2024,4.5,
8/16/2024,4.5,
8/15/2024,4.5,
8/14/2024,4.5,
8/13/2024,4.5,
8/12/2024,4.5,
8/9/2024,4.5,
8/8/2024,4.5,
8/7/2024,4.5,
8/6/2024,4.5,
8/5/2024,4.5,
8/2/2024,4.5,
8/1/2024,4.5,
7/31/2024,4.5,
7/30/2024,4.5,
7/29/2024,4.5,
7/26/2024,4.5,
7/25/2024,4.5,
7/24/2024,4.75,
7/23/2024,4.75,
7/22/2024,4.75,
7/19/2024,4.75,
7/18/2024,4.75,
7/17/2024,4.75,
7/16/2024,4.75,
7/15/2024,4.75,
7/12/2024,4.75,
7/11/2024,4.75,
7/10/2024,4.75,
7/9/2024,4.75,
7/8/2024,4.75,
7/5/2024,4.75,
7/4/2024,4.75,
7/3/2024,4.75,
7/2/2024,4.75,
7/1/2024,4.75,
6/28/2024,4.75,
6/27/2024,4.75,
6/26/2024,4.75,
6/25/2024,4.75,
6/24/2024,4.75,
6/21/2024,4.75,
6/20/2024,4.75,
6/19/2024,4.75,
6/18/2024,4.75,
6/17/2024,4.75,
6/14/2024,4.75,
6/13/2024,4.75,
6/12/2024,4.75,
6/11/2024,4.75,
6/10/2024,4.75,
6/7/2024,4.75,
6/6/2024,4.75,
6/5/2024,5,
6/4/2024,5,
6/3/2024,5,
5/31/2024,5,
5/30/2024,5,
5/29/2024,5,
5/28/2024,5,
5/27/2024,5,
5/24/2024,5,
5/23/2024,5,
5/22/2024,5,
5/21/2024,5,
5/20/2024,5,
5/17/2024,5,
5/16/2024,5,
5/15/2024,5,
5/14/2024,5,
5/13/2024,5,
5/10/2024,5,
5/9/2024,5,
5/8/2024,5,
5/7/2024,5,
5/6/2024,5,
5/3/2024,5,
5/2/2024,5,
5/1/2024,5,
4/30/2024,5,
4/29/2024,5,
4/26/2024,5,
4/25/2024,5,
4/24/2024,5,
4/23/2024,5,
4/22/2024,5,
4/19/2024,5,
4/18/2024,5,
4/17/2024,5,
4/16/2024,5,
4/15/2024,5,
4/12/2024,5,
4/11/2024,5,
4/10/2024,5,
4/9/2024,5,
4/8/2024,5,
4/5/2024,5,
4/4/2024,5,
4/3/2024,5,
4/2/2024,5,
4/1/2024,5,
3/29/2024,5,
3/28/2024,5,
3/27/2024,5,
3/26/2024,5,
3/25/2024,5,
3/22/2024,5,
3/21/2024,5,
3/20/2024,5,
3/19/2024,5,
3/18/2024,5,
3/15/2024,5,
3/14/2024,5,
3/13/2024,5,
3/12/2024,5,
3/11/2024,5,
3/8/2024,5,
3/7/2024,5,
3/6/2024,5,
3/5/2024,5,
3/4/2024,5,
3/1/2024,5,
2/29/2024,5,
2/28/2024,5,
2/27/2024,5,
2/26/2024,5,
2/23/2024,5,
2/22/2024,5,
2/21/2024,5,
2/20/2024,5,
2/19/2024,5,
2/16/2024,5,
2/15/2024,5,
2/14/2024,5,
2/13/2024,5,
2/12/2024,5,
2/9/2024,5,
2/8/2024,5,
2/7/2024,5,
2/6/2024,5,
2/5/2024,5,
2/2/2024,5,
2/1/2024,5,
1/31/2024,5,
1/30/2024,5,
1/29/2024,5,
1/26/2024,5,
1/25/2024,5,
1/24/2024,5,
1/23/2024,5,
1/22/2024,5,
1/19/2024,5,
1/18/2024,5,
1/17/2024,5,
1/16/2024,5,
1/15/2024,5,
1/12/2024,5,
1/11/2024,5,
1/10/2024,5,
1/9/2024,5,
1/8/2024,5,
1/5/2024,5,
1/4/2024,5,
1/3/2024,5,
1/2/2024,5,
1/1/2024, Bank holiday,
12/29/2023,5,
12/28/2023,5,
12/27/2023,5,
12/26/2023,5,
12/25/2023,5,
12/22/2023,5,
12/21/2023,5,
12/20/2023,5,
12/19/2023,5,
12/18/2023,5,
12/15/2023,5,
12/14/2023,5,
12/13/2023,5,
12/12/2023,5,
12/11/2023,5,
12/8/2023,5,
12/7/2023,5,
12/6/2023,5,
12/5/2023,5,
12/4/2023,5,
12/1/2023,5,
11/30/2023,5,
11/29/2023,5,
11/28/2023,5,
11/27/2023,5,
11/24/2023,5,
11/23/2023,5,
11/22/2023,5,
11/21/2023,5,
11/20/2023,5,
11/17/2023,5,
11/16/2023,5,
11/15/2023,5,
11/14/2023,5,
11/13/2023,5,
11/10/2023,5,
11/9/2023,5,
11/8/2023,5,
11/7/2023,5,
11/6/2023,5,
11/3/2023,5,
11/2/2023,5,
11/1/2023,5,
10/31/2023,5,
10/30/2023,5,
10/27/2023,5,
10/26/2023,5,
10/25/2023,5,
10/24/2023,5,
10/23/2023,5,
10/20/2023,5,
10/19/2023,5,
10/18/2023,5,
10/17/2023,5,
10/16/2023,5,
10/13/2023,5,
10/12/2023,5,
10/11/2023,5,
10/10/2023,5,
10/9/2023,5,
10/6/2023,5,
10/5/2023,5,
10/4/2023,5,
10/3/2023,5,
10/2/2023,5,
9/29/2023,5,
9/28/2023,5,
9/27/2023,5,
9/26/2023,5,
9/25/2023,5,
9/22/2023,5,
9/21/2023,5,
9/20/2023,5,
9/19/2023,5,
9/18/2023,5,
9/15/2023,5,
9/14/2023,5,
9/13/2023,5,
9/12/2023,5,
9/11/2023,5,
9/8/2023,5,
9/7/2023,5,
9/6/2023,5,
9/5/2023,5,
9/4/2023,5,
9/1/2023,5,
8/31/2023,5,
8/30/2023,5,
8/29/2023,5,
8/28/2023,5,
8/25/2023,5,
8/24/2023,5,
8/23/2023,5,
8/22/2023,5,
8/21/2023,5,
8/18/2023,5,
8/17/2023,5,
8/16/2023,5,
8/15/2023,5,
8/14/2023,5,
8/11/2023,5,
8/10/2023,5,
8/9/2023,5,
8/8/2023,5,
8/7/2023,5,
8/4/2023,5,
8/3/2023,5,
8/2/2023,5,
8/1/2023,5,
7/31/2023,5,
7/28/2023,5,
7/27/2023,5,
7/26/2023,5,
7/25/2023,5,
7/24/2023,5,
7/21/2023,5,
7/20/2023,5,
7/19/2023,5,
7/18/2023,5,
7/17/2023,5,
7/14/2023,5,
7/13/2023,5,
7/12/2023,4.75,
7/11/2023,4.75,
7/10/2023,4.75,
7/7/2023,4.75,
7/6/2023,4.75,
7/5/2023,4.75,
7/4/2023,4.75,
7/3/2023,4.75,
6/30/2023,4.75,
6/29/2023,4.75,
6/28/2023,4.75,
6/27/2023,4.75,
6/26/2023,4.75,
6/23/2023,4.75,
6/22/2023,4.75,
6/21/2023,4.75,
6/20/2023,4.75,
6/19/2023,4.75,
6/16/2023,4.75,
6/15/2023,4.75,
6/14/2023,4.75,
6/13/2023,4.75,
6/12/2023,4.75,
6/9/2023,4.75,
6/8/2023,4.75,
6/7/2023,4.5,
6/6/2023,4.5,
6/5/2023,4.5,
6/2/2023,4.5,
6/1/2023,4.5,
5/31/2023,4.5,
5/30/2023,4.5,
5/29/2023,4.5,
5/26/2023,4.5,
5/25/2023,4.5,
5/24/2023,4.5,
5/23/2023,4.5,
5/22/2023,4.5,
5/19/2023,4.5,
5/18/2023,4.5,
5/17/2023,4.5,
5/16/2023,4.5,
5/15/2023,4.5,
5/12/2023,4.5,
5/11/2023,4.5,
5/10/2023,4.5,
5/9/2023,4.5,
5/8/2023,4.5,
5/5/2023,4.5,
5/4/2023,4.5,
5/3/2023,4.5,
5/2/2023,4.5,
5/1/2023,4.5,
4/28/2023,4.5,
4/27/2023,4.5,
4/26/2023,4.5,
4/25/2023,4.5,
4/24/2023,4.5,
4/21/2023,4.5,
4/20/2023,4.5,
4/19/2023,4.5,
4/18/2023,4.5,
4/17/2023,4.5,
4/14/2023,4.5,
4/13/2023,4.5,
4/12/2023,4.5,
4/11/2023,4.5,
4/10/2023,4.5,
4/7/2023,4.5,
4/6/2023,4.5,
4/5/2023,4.5,
4/4/2023,4.5,
4/3/2023,4.5,
3/31/2023,4.5,
3/30/2023,4.5,
3/29/2023,4.5,
3/28/2023,4.5,
3/27/2023,4.5,
3/24/2023,4.5,
3/23/2023,4.5,
3/22/2023,4.5,
3/21/2023,4.5,
3/20/2023,4.5,
3/17/2023,4.5,
3/16/2023,4.5,
3/15/2023,4.5,
3/14/2023,4.5,
3/13/2023,4.5,
3/10/2023,4.5,
3/9/2023,4.5,
3/8/2023,4.5,
3/7/2023,4.5,
3/6/2023,4.5,
3/3/2023,4.5,
3/2/2023,4.5,
3/1/2023,4.5,
2/28/2023,4.5,
2/27/2023,4.5,
2/24/2023,4.5,
2/23/2023,4.5,
2/22/2023,4.5,
2/21/2023,4.5,
2/20/2023,4.5,
2/17/2023,4.5,
2/16/2023,4.5,
2/15/2023,4.5,
2/14/2023,4.5,
2/13/2023,4.5,
2/10/2023,4.5,
2/9/2023,4.5,
2/8/2023,4.5,
2/7/2023,4.5,
2/6/2023,4.5,
2/3/2023,4.5,
2/2/2023,4.5,
2/1/2023,4.5,
1/31/2023,4.5,
1/30/2023,4.5,
1/27/2023,4.5,
1/26/2023,4.5,
1/25/2023,4.25,
1/24/2023,4.25,
1/23/2023,4.25,
1/20/2023,4.25,
1/19/2023,4.25,
1/18/2023,4.25,
1/17/2023,4.25,
1/16/2023,4.25,
1/13/2023,4.25,
1/12/2023,4.25,
1/11/2023,4.25,
1/10/2023,4.25,
1/9/2023,4.25,
1/6/2023,4.25,
1/5/2023,4.25,
1/4/2023,4.25,
1/3/2023,4.25,
1/2/2023, Bank holiday,
12/30/2022,4.25,
12/29/2022,4.25,
12/28/2022,4.25,
12/27/2022, Bank holiday,
12/26/2022,4.25,
12/23/2022,4.25,
12/22/2022,4.25,
12/21/2022,4.25,
12/20/2022,4.25,
12/19/2022,4.25,
12/16/2022,4.25,
12/15/2022,4.25,
12/14/2022,4.25,
12/13/2022,4.25,
12/12/2022,4.25,
12/9/2022,4.25,
12/8/2022,4.25,
12/7/2022,3.75,
12/6/2022,3.75,
12/5/2022,3.75,
12/2/2022,3.75,
12/1/2022,3.75,
11/30/2022,3.75,
11/29/2022,3.75,
11/28/2022,3.75,
11/25/2022,3.75,
11/24/2022,3.75,
11/23/2022,3.75,
11/22/2022,3.75,
11/21/2022,3.75,
11/18/2022,3.75,
11/17/2022,3.75,
11/16/2022,3.75,
11/15/2022,3.75,
11/14/2022,3.75,
11/11/2022,3.75,
11/10/2022,3.75,
11/9/2022,3.75,
11/8/2022,3.75,
11/7/2022,3.75,
11/4/2022,3.75,
11/3/2022,3.75,
11/2/2022,3.75,
11/1/2022,3.75,
10/31/2022,3.75,
10/28/2022,3.75,
10/27/2022,3.75,
10/26/2022,3.25,
10/25/2022,3.25,
10/24/2022,3.25,
10/21/2022,3.25,
10/20/2022,3.25,
10/19/2022,3.25,
10/18/2022,3.25,
10/17/2022,3.25,
10/14/2022,3.25,
10/13/2022,3.25,
10/12/2022,3.25,
10/11/2022,3.25,
10/10/2022,3.25,
10/7/2022,3.25,
10/6/2022,3.25,
10/5/2022,3.25,
10/4/2022,3.25,
10/3/2022,3.25,
9/30/2022, Bank holiday,
9/29/2022,3.25,
9/28/2022,3.25,
9/27/2022,3.25,
9/26/2022,3.25,
9/23/2022,3.25,
9/22/2022,3.25,
9/21/2022,3.25,
9/20/2022,3.25,
9/19/2022,3.25,
9/16/2022,3.25,
9/15/2022,3.25,
9/14/2022,3.25,
9/13/2022,3.25,
9/12/2022,3.25,
9/9/2022,3.25,
9/8/2022,3.25,
9/7/2022,2.5,
9/6/2022,2.5,
9/5/2022,2.5,
9/2/2022,2.5,
9/1/2022,2.5,
8/31/2022,2.5,
8/30/2022,2.5,
8/29/2022,2.5,
8/26/2022,2.5,
8/25/2022,2.5,
8/24/2022,2.5,
8/23/2022,2.5,
8/22/2022,2.5,
8/19/2022,2.5,
8/18/2022,2.5,
8/17/2022,2.5,
8/16/2022,2.5,
8/15/2022,2.5,
8/12/2022,2.5,
8/11/2022,2.5,
8/10/2022,2.5,
8/9/2022,2.5,
8/8/2022,2.5,
8/5/2022,2.5,
8/4/2022,2.5,
8/3/2022,2.5,
8/2/2022, Bank holiday,
8/1/2022,2.5,
7/29/2022,2.5,
7/28/2022,2.5,
7/27/2022,2.5,
7/26/2022,2.5,
7/25/2022,2.5,
7/22/2022,2.5,
7/21/2022,2.5,
7/20/2022,2.5,
7/19/2022,2.5,
7/18/2022,2.5,
7/15/2022,2.5,
7/14/2022,2.5,
7/13/2022,1.5,
7/12/2022,1.5,
7/11/2022,1.5,
7/8/2022,1.5,
7/7/2022,1.5,
7/6/2022,1.5,
7/5/2022,1.5,
7/4/2022,1.5,
7/1/2022,1.5,
6/30/2022,1.5,
6/29/2022,1.5,
6/28/2022,1.5,
6/27/2022,1.5,
6/24/2022,1.5,
6/23/2022,1.5,
6/22/2022,1.5,
6/21/2022,1.5,
6/20/2022,1.5,
6/17/2022,1.5,
6/16/2022,1.5,
6/15/2022,1.5,
6/14/2022,1.5,
6/13/2022,1.5,
6/10/2022,1.5,
6/9/2022,1.5,
6/8/2022,1.5,
6/7/2022,1.5,
6/6/2022,1.5,
6/3/2022,1.5,
6/2/2022,1.5,
6/1/2022,1,
5/31/2022,1,
5/30/2022,1,
5/27/2022,1,
5/26/2022,1,
5/25/2022,1,
5/24/2022,1,
5/23/2022,1,
5/20/2022,1,
5/19/2022,1,
5/18/2022,1,
5/17/2022,1,
5/16/2022,1,
5/13/2022,1,
5/12/2022,1,
5/11/2022,1,
5/10/2022,1,
5/9/2022,1,
5/6/2022,1,
5/5/2022,1,
5/4/2022,1,
5/3/2022,1,
5/2/2022,1,
4/29/2022,1,
4/28/2022,1,
4/27/2022,1,
4/26/2022,1,
4/25/2022,1,
4/22/2022,1,
4/21/2022,1,
4/20/2022,1,
4/19/2022,1,
4/18/2022,1,
4/15/2022,1,
4/14/2022,1,
4/13/2022,0.5,
4/12/2022,0.5,
4/11/2022,0.5,
4/8/2022,0.5,
4/7/2022,0.5,
4/6/2022,0.5,
4/5/2022,0.5,
4/4/2022,0.5,
4/1/2022,0.5,
3/31/2022,0.5,
3/30/2022,0.5,
3/29/2022,0.5,
3/28/2022,0.5,
3/25/2022,0.5,
3/24/2022,0.5,
3/23/2022,0.5,
3/22/2022,0.5,
3/21/2022,0.5,
3/18/2022,0.5,
3/17/2022,0.5,
3/16/2022,0.5,
3/15/2022,0.5,
3/14/2022,0.5,
3/11/2022,0.5,
3/10/2022,0.5,
3/9/2022,0.5,
3/8/2022,0.5,
3/7/2022,0.5,
3/4/2022,0.5,
3/3/2022,0.5,
3/2/2022,0.25,
3/1/2022,0.25,
2/28/2022,0.25,
2/25/2022,0.25,
2/24/2022,0.25,
2/23/2022,0.25,
2/22/2022,0.25,
2/21/2022,0.25,
2/18/2022,0.25,
2/17/2022,0.25,
2/16/2022,0.25,
2/15/2022,0.25,
2/14/2022,0.25,
2/11/2022,0.25,
2/10/2022,0.25,
2/9/2022,0.25,
2/8/2022,0.25,
2/7/2022,0.25,
2/4/2022,0.25,
2/3/2022,0.25,
2/2/2022,0.25,
2/1/2022,0.25,
1/31/2022,0.25,
1/28/2022,0.25,
1/27/2022,0.25,
1/26/2022,0.25,
1/25/2022,0.25,
1/24/2022,0.25,
1/21/2022,0.25,
1/20/2022,0.25,
1/19/2022,0.25,
1/18/2022,0.25,
1/17/2022,0.25,
1/14/2022,0.25,
1/13/2022,0.25,
1/12/2022,0.25,
1/11/2022,0.25,
1/10/2022,0.25,
1/7/2022,0.25,
1/6/2022,0.25,
1/5/2022,0.25,
1/4/2022,0.25,
1/3/2022, Bank holiday,
12/31/2021,0.25,
12/30/2021,0.25,
12/29/2021,0.25,
12/28/2021, Bank holiday,
12/27/2021, Bank holiday,
12/24/2021,0.25,
12/23/2021,0.25,
12/22/2021,0.25,
12/21/2021,0.25,
12/20/2021,0.25,
12/17/2021,0.25,
12/16/2021,0.25,
12/15/2021,0.25,
12/14/2021,0.25,
12/13/2021,0.25,
12/10/2021,0.25,
12/9/2021,0.25,
12/8/2021,0.25,
12/7/2021,0.25,
12/6/2021,0.25,
12/3/2021,0.25,
12/2/2021,0.25,
12/1/2021,0.25,
11/30/2021,0.25,
11/29/2021,0.25,
11/26/2021,0.25,
11/25/2021,0.25,
11/24/2021,0.25,
11/23/2021,0.25,
11/22/2021,0.25,
11/19/2021,0.25,
11/18/2021,0.25,
11/17/2021,0.25,
11/16/2021,0.25,
11/15/2021,0.25,
11/12/2021,0.25,
11/11/2021,0.25,
11/10/2021,0.25,
11/9/2021,0.25,
11/8/2021,0.25,
11/5/2021,0.25,
11/4/2021,0.25,
11/3/2021,0.25,
11/2/2021,0.25,
11/1/2021,0.25,
10/29/2021,0.25,
10/28/2021,0.25,
10/27/2021,0.25,
10/26/2021,0.25,
10/25/2021,0.25,
10/22/2021,0.25,
10/21/2021,0.25,
10/20/2021,0.25,
10/19/2021,0.25,
10/18/2021,0.25,
10/15/2021,0.25,
10/14/2021,0.25,
10/13/2021,0.25,
10/12/2021,0.25,
10/11/2021,0.25,
10/8/2021,0.25,
10/7/2021,0.25,
10/6/2021,0.25,
10/5/2021,0.25,
10/4/2021,0.25,
10/1/2021,0.25,
9/30/2021, Bank holiday,
9/29/2021,0.25,
9/28/2021,0.25,
9/27/2021,0.25,
9/24/2021,0.25,
9/23/2021,0.25,
9/22/2021,0.25,
9/21/2021,0.25,
9/20/2021,0.25,
9/17/2021,0.25,
9/16/2021,0.25,
9/15/2021,0.25,
9/14/2021,0.25,
9/13/2021,0.25,
9/10/2021,0.25,
9/9/2021,0.25,
9/8/2021,0.25,
9/7/2021,0.25,
9/6/2021,0.25,
9/3/2021,0.25,
9/2/2021,0.25,
9/1/2021,0.25,
8/31/2021,0.25,
8/30/2021,0.25,
8/27/2021,0.25,
8/26/2021,0.25,
8/25/2021,0.25,
8/24/2021,0.25,
8/23/2021,0.25,
8/20/2021,0.25,
8/19/2021,0.25,
8/18/2021,0.25,
8/17/2021,0.25,
8/16/2021,0.25,
8/13/2021,0.25,
8/12/2021,0.25,
8/11/2021,0.25,
8/10/2021,0.25,
8/9/2021,0.25,
8/6/2021,0.25,
8/5/2021,0.25,
8/4/2021,0.25,
8/3/2021,0.25,
8/2/2021,0.25,
7/30/2021,0.25,
7/29/2021,0.25,
7/28/2021,0.25,
7/27/2021,0.25,
7/26/2021,0.25,
7/23/2021,0.25,
7/22/2021,0.25,
7/21/2021,0.25,
7/20/2021,0.25,
7/19/2021,0.25,
7/16/2021,0.25,
7/15/2021,0.25,
7/14/2021,0.25,
7/13/2021,0.25,
7/12/2021,0.25,
7/9/2021,0.25,
7/8/2021,0.25,
7/7/2021,0.25,
7/6/2021,0.25,
7/5/2021,0.25,
7/2/2021,0.25,
7/1/2021,0.25,
6/30/2021,0.25,
6/29/2021,0.25,
6/28/2021,0.25,
6/25/2021,0.25,
6/24/2021,0.25,
6/23/2021,0.25,
6/22/2021,0.25,
6/21/2021,0.25,
6/18/2021,0.25,
6/17/2021,0.25,
6/16/2021,0.25,
6/15/2021,0.25,
6/14/2021,0.25,
6/11/2021,0.25,
6/10/2021,0.25,
6/9/2021,0.25,
6/8/2021,0.25,
6/7/2021,0.25,
6/4/2021,0.25,
6/3/2021,0.25,
6/2/2021,0.25,
6/1/2021,0.25,
5/31/2021,0.25,
5/28/2021,0.25,
5/27/2021,0.25,
5/26/2021,0.25,
5/25/2021,0.25,
5/24/2021,0.25,
5/21/2021,0.25,
5/20/2021,0.25,
5/19/2021,0.25,
5/18/2021,0.25,
5/17/2021,0.25,
5/14/2021,0.25,
5/13/2021,0.25,
5/12/2021,0.25,
5/11/2021,0.25,
5/10/2021,0.25,
5/7/2021,0.25,
5/6/2021,0.25,
5/5/2021,0.25,
5/4/2021,0.25,
5/3/2021,0.25,
4/30/2021,0.25,
4/29/2021,0.25,
4/28/2021,0.25,
4/27/2021,0.25,
4/26/2021,0.25,
4/23/2021,0.25,
4/22/2021,0.25,
4/21/2021,0.25,
4/20/2021,0.25,
4/19/2021,0.25,
4/16/2021,0.25,
4/15/2021,0.25,
4/14/2021,0.25,
4/13/2021,0.25,
4/12/2021,0.25,
4/9/2021,0.25,
4/8/2021,0.25,
4/7/2021,0.25,
4/6/2021,0.25,
4/5/2021,0.25,
4/2/2021,0.25,
4/1/2021,0.25,
3/31/2021,0.25,
3/30/2021,0.25,
3/29/2021,0.25,
3/26/2021,0.25,
3/25/2021,0.25,
3/24/2021,0.25,
3/23/2021,0.25,
3/22/2021,0.25,
3/19/2021,0.25,
3/18/2021,0.25,
3/17/2021,0.25,
3/16/2021,0.25,
3/15/2021,0.25,
3/12/2021,0.25,
3/11/2021,0.25,
3/10/2021,0.25,
3/9/2021,0.25,
3/8/2021,0.25,
3/5/2021,0.25,
3/4/2021,0.25,
3/3/2021,0.25,
3/2/2021,0.25,
3/1/2021,0.25,
2/26/2021,0.25,
2/25/2021,0.25,
2/24/2021,0.25,
2/23/2021,0.25,
2/22/2021,0.25,
2/19/2021,0.25,
2/18/2021,0.25,
2/17/2021,0.25,
2/16/2021,0.25,
2/15/2021,0.25,
2/12/2021,0.25,
2/11/2021,0.25,
2/10/2021,0.25,
2/9/2021,0.25,
2/8/2021,0.25,
2/5/2021,0.25,
2/4/2021,0.25,
2/3/2021,0.25,
2/2/2021,0.25,
2/1/2021,0.25,
1/29/2021,0.25,
1/28/2021,0.25,
1/27/2021,0.25,
1/26/2021,0.25,
1/25/2021,0.25,
1/22/2021,0.25,
1/21/2021,0.25,
1/20/2021,0.25,
1/19/2021,0.25,
1/18/2021,0.25,
1/15/2021,0.25,
1/14/2021,0.25,
1/13/2021,0.25,
1/12/2021,0.25,
1/11/2021,0.25,
1/8/2021,0.25,
1/7/2021,0.25,
1/6/2021,0.25,
1/5/2021,0.25,
1/4/2021,0.25,
1/1/2021,0.25,
12/31/2020,0.25,
12/30/2020,0.25,
12/29/2020,0.25,
12/28/2020, Bank holiday,
12/25/2020,0.25,
12/24/2020,0.25,
12/23/2020,0.25,
12/22/2020,0.25,
12/21/2020,0.25,
12/18/2020,0.25,
12/17/2020,0.25,
12/16/2020,0.25,
12/15/2020,0.25,
12/14/2020,0.25,
12/11/2020,0.25,
12/10/2020,0.25,
12/9/2020,0.25,
12/8/2020,0.25,
12/7/2020,0.25,
12/4/2020,0.25,
12/3/2020,0.25,
12/2/2020,0.25,
12/1/2020,0.25,
11/30/2020,0.25,
11/27/2020,0.25,
11/26/2020,0.25,
11/25/2020,0.25,
11/24/2020,0.25,
11/23/2020,0.25,
11/20/2020,0.25,
11/19/2020,0.25,
11/18/2020,0.25,
11/17/2020,0.25,
11/16/2020,0.25,
11/13/2020,0.25,
11/12/2020,0.25,
11/11/2020,0.25,
11/10/2020,0.25,
11/9/2020,0.25,
11/6/2020,0.25,
11/5/2020,0.25,
11/4/2020,0.25,
11/3/2020,0.25,
11/2/2020,0.25,
10/30/2020,0.25,
10/29/2020,0.25,
10/28/2020,0.25,
10/27/2020,0.25,
10/26/2020,0.25,
10/23/2020,0.25,
10/22/2020,0.25,
10/21/2020,0.25,
10/20/2020,0.25,
10/19/2020,0.25,
10/16/2020,0.25,
10/15/2020,0.25,
10/14/2020,0.25,
10/13/2020,0.25,
10/12/2020,0.25,
10/9/2020,0.25,
10/8/2020,0.25,
10/7/2020,0.25,
10/6/2020,0.25,
10/5/2020,0.25,
10/2/2020,0.25,
10/1/2020,0.25,
9/30/2020,0.25,
9/29/2020,0.25,
9/28/2020,0.25,
9/25/2020,0.25,
9/24/2020,0.25,
9/23/2020,0.25,
9/22/2020,0.25,
9/21/2020,0.25,
9/18/2020,0.25,
9/17/2020,0.25,
9/16/2020,0.25,
9/15/2020,0.25,
9/14/2020,0.25,
9/11/2020,0.25,
9/10/2020,0.25,
9/9/2020,0.25,
9/8/2020,0.25,
9/7/2020,0.25,
9/4/2020,0.25,
9/3/2020,0.25,
9/2/2020,0.25,
9/1/2020,0.25,
8/31/2020,0.25,
8/28/2020,0.25,
8/27/2020,0.25,
8/26/2020,0.25,
8/25/2020,0.25,
8/24/2020,0.25,
8/21/2020,0.25,
8/20/2020,0.25,
8/19/2020,0.25,
8/18/2020,0.25,
8/17/2020,0.25,
8/14/2020,0.25,
8/13/2020,0.25,
8/12/2020,0.25,
8/11/2020,0.25,
8/10/2020,0.25,
8/7/2020,0.25,
8/6/2020,0.25,
8/5/2020,0.25,
8/4/2020,0.25,
8/3/2020,0.25,
7/31/2020,0.25,
7/30/2020,0.25,
7/29/2020,0.25,
7/28/2020,0.25,
7/27/2020,0.25,
7/24/2020,0.25,
7/23/2020,0.25,
7/22/2020,0.25,
7/21/2020,0.25,
7/20/2020,0.25,
7/17/2020,0.25,
7/16/2020,0.25,
7/15/2020,0.25,
7/14/2020,0.25,
7/13/2020,0.25,
7/10/2020,0.25,
7/9/2020,0.25,
7/8/2020,0.25,
7/7/2020,0.25,
7/6/2020,0.25,
7/3/2020,0.25,
7/2/2020,0.25,
7/1/2020,0.25,
6/30/2020,0.25,
6/29/2020,0.25,
6/26/2020,0.25,
6/25/2020,0.25,
6/24/2020,0.25,
6/23/2020,0.25,
6/22/2020,0.25,
6/19/2020,0.25,
6/18/2020,0.25,
6/17/2020,0.25,
6/16/2020,0.25,
6/15/2020,0.25,
6/12/2020,0.25,
6/11/2020,0.25,
6/10/2020,0.25,
6/9/2020,0.25,
6/8/2020,0.25,
6/5/2020,0.25,
6/4/2020,0.25,
6/3/2020,0.25,
6/2/2020,0.25,
6/1/2020,0.25,
5/29/2020,0.25,
5/28/2020,0.25,
5/27/2020,0.25,
5/26/2020,0.25,
5/25/2020,0.25,
5/22/2020,0.25,
5/21/2020,0.25,
5/20/2020,0.25,
5/19/2020,0.25,
5/18/2020,0.25,
5/15/2020,0.25,
5/14/2020,0.25,
5/13/2020,0.25,
5/12/2020,0.25,
5/11/2020,0.25,
5/8/2020,0.25,
5/7/2020,0.25,
5/6/2020,0.25,
5/5/2020,0.25,
5/4/2020,0.25,
5/1/2020,0.25,
4/30/2020,0.25,
4/29/2020,0.25,
4/28/2020,0.25,
4/27/2020,0.25,
4/24/2020,0.25,
4/23/2020,0.25,
4/22/2020,0.25,
4/21/2020,0.25,
4/20/2020,0.25,
4/17/2020,0.25,
4/16/2020,0.25,
4/15/2020,0.25,
4/14/2020,0.25,
4/13/2020,0.25,
4/10/2020,0.25,
4/9/2020,0.25,
4/8/2020,0.25,
4/7/2020,0.25,
4/6/2020,0.25,
4/3/2020,0.25,
4/2/2020,0.25,
4/1/2020,0.25,
3/31/2020,0.25,
3/30/2020,0.25,
3/27/2020,0.25,
3/26/2020,0.75,
3/25/2020,0.75,
3/24/2020,0.75,
3/23/2020,0.75,
3/20/2020,0.75,
3/19/2020,0.75,
3/18/2020,0.75,
3/17/2020,0.75,
3/16/2020,0.75,
3/13/2020,1.25,
3/12/2020,1.25,
3/11/2020,1.25,
3/10/2020,1.25,
3/9/2020,1.25,
3/6/2020,1.25,
3/5/2020,1.25,
3/4/2020,1.25,
3/3/2020,1.75,
3/2/2020,1.75,
2/28/2020,1.75,
2/27/2020,1.75,
2/26/2020,1.75,
2/25/2020,1.75,
2/24/2020,1.75,
2/21/2020,1.75,
2/20/2020,1.75,
2/19/2020,1.75,
2/18/2020,1.75,
2/17/2020,1.75,
2/14/2020,1.75,
2/13/2020,1.75,
2/12/2020,1.75,
2/11/2020,1.75,
2/10/2020,1.75,
2/7/2020,1.75,
2/6/2020,1.75,
2/5/2020,1.75,
2/4/2020,1.75,
2/3/2020,1.75,
1/31/2020,1.75,
1/30/2020,1.75,
1/29/2020,1.75,
1/28/2020,1.75,
1/27/2020,1.75,
1/24/2020,1.75,
1/23/2020,1.75,
1/22/2020,1.75,
1/21/2020,1.75,
1/20/2020,1.75,
1/17/2020,1.75,
1/16/2020,1.75,
1/15/2020,1.75,
1/14/2020,1.75,
1/13/2020,1.75,
1/10/2020,1.75,
1/9/2020,1.75,
1/8/2020,1.75,
1/7/2020,1.75,
1/6/2020,1.75,
1/3/2020,1.75,
1/2/2020,1.75,
1/1/2020,1.75,
12/31/2019,1.75,
12/30/2019,1.75,
12/27/2019,1.75,
12/26/2019,1.75,
12/25/2019,1.75,
12/24/2019,1.75,
12/23/2019,1.75,
12/20/2019,1.75,
12/19/2019,1.75,
12/18/2019,1.75,
12/17/2019,1.75,
12/16/2019,1.75,
12/13/2019,1.75,
12/12/2019,1.75,
12/11/2019,1.75,
12/10/2019,1.75,
12/9/2019,1.75,
12/6/2019,1.75,
12/5/2019,1.75,
12/4/2019,1.75,
12/3/2019,1.75,
12/2/2019,1.75,
11/29/2019,1.75,
11/28/2019,1.75,
11/27/2019,1.75,
11/26/2019,1.75,
11/25/2019,1.75,
11/22/2019,1.75,
11/21/2019,1.75,
11/20/2019,1.75,
11/19/2019,1.75,
11/18/2019,1.75,
11/15/2019,1.75,
11/14/2019,1.75,
11/13/2019,1.75,
11/12/2019,1.75,
11/11/2019,1.75,
11/8/2019,1.75,
11/7/2019,1.75,
11/6/2019,1.75,
11/5/2019,1.75,
11/4/2019,1.75,
11/1/2019,1.75,
10/31/2019,1.75,
10/30/2019,1.75,
10/29/2019,1.75,
10/28/2019,1.75,
10/25/2019,1.75,
10/24/2019,1.75,
10/23/2019,1.75,
10/22/2019,1.75,
10/21/2019,1.75,
10/18/2019,1.75,
10/17/2019,1.75,
10/16/2019,1.75,
10/15/2019,1.75,
10/14/2019,1.75,
10/11/2019,1.75,
10/10/2019,1.75,
10/9/2019,1.75,
10/8/2019,1.75,
10/7/2019,1.75,
10/4/2019,1.75,
10/3/2019,1.75,
10/2/2019,1.75,
10/1/2019,1.75,
9/30/2019,1.75,
9/27/2019,1.75,
9/26/2019,1.75,
9/25/2019,1.75,
9/24/2019,1.75,
9/23/2019,1.75,
9/20/2019,1.75,
9/19/2019,1.75,
9/18/2019,1.75,
9/17/2019,1.75,
9/16/2019,1.75,
9/13/2019,1.75,
9/12/2019,1.75,
9/11/2019,1.75,
9/10/2019,1.75,
9/9/2019,1.75,
9/6/2019,1.75,
9/5/2019,1.75,
9/4/2019,1.75,
9/3/2019,1.75,
9/2/2019,1.75,
8/30/2019,1.75,
8/29/2019,1.75,
8/28/2019,1.75,
8/27/2019,1.75,
8/26/2019,1.75,
8/23/2019,1.75,
8/22/2019,1.75,
8/21/2019,1.75,
8/20/2019,1.75,
8/19/2019,1.75,
8/16/2019,1.75,
8/15/2019,1.75,
8/14/2019,1.75,
8/13/2019,1.75,
8/12/2019,1.75,
8/9/2019,1.75,
8/8/2019,1.75,
8/7/2019,1.75,
8/6/2019,1.75,
8/5/2019,1.75,
8/2/2019,1.75,
8/1/2019,1.75,
7/31/2019,1.75,
7/30/2019,1.75,
7/29/2019,1.75,
7/26/2019,1.75,
7/25/2019,1.75,
7/24/2019,1.75,
7/23/2019,1.75,
7/22/2019,1.75,
7/19/2019,1.75,
7/18/2019,1.75,
7/17/2019,1.75,
7/16/2019,1.75,
7/15/2019,1.75,
7/12/2019,1.75,
7/11/2019,1.75,
7/10/2019,1.75,
7/9/2019,1.75,
7/8/2019,1.75,
7/5/2019,1.75,
7/4/2019,1.75,
7/3/2019,1.75,
7/2/2019,1.75,
7/1/2019,1.75,
6/28/2019,1.75,
6/27/2019,1.75,
6/26/2019,1.75,
6/25/2019,1.75,
6/24/2019,1.75,
6/21/2019,1.75,
6/20/2019,1.75,
6/19/2019,1.75,
6/18/2019,1.75,
6/17/2019,1.75,
6/14/2019,1.75,
6/13/2019,1.75,
6/12/2019,1.75,
6/11/2019,1.75,
6/10/2019,1.75,
6/7/2019,1.75,
6/6/2019,1.75,
6/5/2019,1.75,
6/4/2019,1.75,
6/3/2019,1.75,
5/31/2019,1.75,
5/30/2019,1.75,
5/29/2019,1.75,
5/28/2019,1.75,
5/27/2019,1.75,
5/24/2019,1.75,
5/23/2019,1.75,
5/22/2019,1.75,
5/21/2019,1.75,
5/20/2019,1.75,
5/17/2019,1.75,
5/16/2019,1.75,
5/15/2019,1.75,
5/14/2019,1.75,
5/13/2019,1.75,
5/10/2019,1.75,
5/9/2019,1.75,
5/8/2019,1.75,
5/7/2019,1.75,
5/6/2019,1.75,
5/3/2019,1.75,
5/2/2019,1.75,
5/1/2019,1.75,
4/30/2019,1.75,
4/29/2019,1.75,
4/26/2019,1.75,
4/25/2019,1.75,
4/24/2019,1.75,
4/23/2019,1.75,
4/22/2019,1.75,
4/19/2019,1.75,
4/18/2019,1.75,
4/17/2019,1.75,
4/16/2019,1.75,
4/15/2019,1.75,
4/12/2019,1.75,
4/11/2019,1.75,
4/10/2019,1.75,
4/9/2019,1.75,
4/8/2019,1.75,
4/5/2019,1.75,
4/4/2019,1.75,
4/3/2019,1.75,
4/2/2019,1.75,
4/1/2019,1.75,
3/29/2019,1.75,
3/28/2019,1.75,
3/27/2019,1.75,
3/26/2019,1.75,
3/25/2019,1.75,
3/22/2019,1.75,
3/21/2019,1.75,
3/20/2019,1.75,
3/19/2019,1.75,
3/18/2019,1.75,
3/15/2019,1.75,
3/14/2019,1.75,
3/13/2019,1.75,
3/12/2019,1.75,
3/11/2019,1.75,
3/8/2019,1.75,
3/7/2019,1.75,
3/6/2019,1.75,
3/5/2019,1.75,
3/4/2019,1.75,
3/1/2019,1.75,
2/28/2019,1.75,
2/27/2019,1.75,
2/26/2019,1.75,
2/25/2019,1.75,
2/22/2019,1.75,
2/21/2019,1.75,
2/20/2019,1.75,
2/19/2019,1.75,
2/18/2019,1.75,
2/15/2019,1.75,
2/14/2019,1.75,
2/13/2019,1.75,
2/12/2019,1.75,
2/11/2019,1.75,
2/8/2019,1.75,
2/7/2019,1.75,
2/6/2019,1.75,
2/5/2019,1.75,
2/4/2019,1.75,
2/1/2019,1.75,
1/31/2019,1.75,
1/30/2019,1.75,
1/29/2019,1.75,
1/28/2019,1.75,
1/25/2019,1.75,
1/24/2019,1.75,
1/23/2019,1.75,
1/22/2019,1.75,
1/21/2019,1.75,
1/18/2019,1.75,
1/17/2019,1.75,
1/16/2019,1.75,
1/15/2019,1.75,
1/14/2019,1.75,
1/11/2019,1.75,
1/10/2019,1.75,
1/9/2019,1.75,
1/8/2019,1.75,
1/7/2019,1.75,
1/4/2019,1.75,
1/3/2019,1.75,
1/2/2019,1.75,
1/1/2019,1.75,
12/31/2018,1.75,
12/28/2018,1.75,
12/27/2018,1.75,
12/26/2018,1.75,
12/25/2018,1.75,
12/24/2018,1.75,
12/21/2018,1.75,
12/20/2018,1.75,
12/19/2018,1.75,
12/18/2018,1.75,
12/17/2018,1.75,
12/14/2018,1.75,
12/13/2018,1.75,
12/12/2018,1.75,
12/11/2018,1.75,
12/10/2018,1.75,
12/7/2018,1.75,
12/6/2018,1.75,
12/5/2018,1.75,
12/4/2018,1.75,
12/3/2018,1.75,
11/30/2018,1.75,
11/29/2018,1.75,
11/28/2018,1.75,
11/27/2018,1.75,
11/26/2018,1.75,
11/23/2018,1.75,
11/22/2018,1.75,
11/21/2018,1.75,
11/20/2018,1.75,
11/19/2018,1.75,
11/16/2018,1.75,
11/15/2018,1.75,
11/14/2018,1.75,
11/13/2018,1.75,
11/12/2018,1.75,
11/9/2018,1.75,
11/8/2018,1.75,
11/7/2018,1.75,
11/6/2018,1.75,
11/5/2018,1.75,
11/2/2018,1.75,
11/1/2018,1.75,
10/31/2018,1.75,
10/30/2018,1.75,
10/29/2018,1.75,
10/26/2018,1.75,
10/25/2018,1.75,
10/24/2018,1.75,
10/23/2018,1.5,
10/22/2018,1.5,
10/19/2018,1.5,
10/18/2018,1.5,
10/17/2018,1.5,
10/16/2018,1.5,
10/15/2018,1.5,
10/12/2018,1.5,
10/11/2018,1.5,
10/10/2018,1.5,
10/9/2018,1.5,
10/8/2018,1.5,
10/5/2018,1.5,
10/4/2018,1.5,
10/3/2018,1.5,
10/2/2018,1.5,
10/1/2018,1.5,
9/28/2018,1.5,
9/27/2018,1.5,
9/26/2018,1.5,
9/25/2018,1.5,
9/24/2018,1.5,
9/21/2018,1.5,
9/20/2018,1.5,
9/19/2018,1.5,
9/18/2018,1.5,
9/17/2018,1.5,
9/14/2018,1.5,
9/13/2018,1.5,
9/12/2018,1.5,
9/11/2018,1.5,
9/10/2018,1.5,
9/7/2018,1.5,
9/6/2018,1.5,
9/5/2018,1.5,
9/4/2018,1.5,
9/3/2018,1.5,
8/31/2018,1.5,
8/30/2018,1.5,
8/29/2018,1.5,
8/28/2018,1.5,
8/27/2018,1.5,
8/24/2018,1.5,
8/23/2018,1.5,
8/22/2018,1.5,
8/21/2018,1.5,
8/20/2018,1.5,
8/17/2018,1.5,
8/16/2018,1.5,
8/15/2018,1.5,
8/14/2018,1.5,
8/13/2018,1.5,
8/10/2018,1.5,
8/9/2018,1.5,
8/8/2018,1.5,
8/7/2018,1.5,
8/6/2018,1.5,
8/3/2018,1.5,
8/2/2018,1.5,
8/1/2018,1.5,
7/31/2018,1.5,
7/30/2018,1.5,
7/27/2018,1.5,
7/26/2018,1.5,
7/25/2018,1.5,
7/24/2018,1.5,
7/23/2018,1.5,
7/20/2018,1.5,
7/19/2018,1.5,
7/18/2018,1.5,
7/17/2018,1.5,
7/16/2018,1.5,
7/13/2018,1.5,
7/12/2018,1.5,
7/11/2018,1.5,
7/10/2018,1.25,
7/9/2018,1.25,
7/6/2018,1.25,
7/5/2018,1.25,
7/4/2018,1.25,
7/3/2018,1.25,
7/2/2018,1.25,
6/29/2018,1.25,
6/28/2018,1.25,
6/27/2018,1.25,
6/26/2018,1.25,
6/25/2018,1.25,
6/22/2018,1.25,
6/21/2018,1.25,
6/20/2018,1.25,
6/19/2018,1.25,
6/18/2018,1.25,
6/15/2018,1.25,
6/14/2018,1.25,
6/13/2018,1.25,
6/12/2018,1.25,
6/11/2018,1.25,
6/8/2018,1.25,
6/7/2018,1.25,
6/6/2018,1.25,
6/5/2018,1.25,
6/4/2018,1.25,
6/1/2018,1.25,
5/31/2018,1.25,
5/30/2018,1.25,
5/29/2018,1.25,
5/28/2018,1.25,
5/25/2018,1.25,
5/24/2018,1.25,
5/23/2018,1.25,
5/22/2018,1.25,
5/21/2018,1.25,
5/18/2018,1.25,
5/17/2018,1.25,
5/16/2018,1.25,
5/15/2018,1.25,
5/14/2018,1.25,
5/11/2018,1.25,
5/10/2018,1.25,
5/9/2018,1.25,
5/8/2018,1.25,
5/7/2018,1.25,
5/4/2018,1.25,
5/3/2018,1.25,
5/2/2018,1.25,
5/1/2018,1.25,
4/30/2018,1.25,
4/27/2018,1.25,
4/26/2018,1.25,
4/25/2018,1.25,
4/24/2018,1.25,
4/23/2018,1.25,
4/20/2018,1.25,
4/19/2018,1.25,
4/18/2018,1.25,
4/17/2018,1.25,
4/16/2018,1.25,
4/13/2018,1.25,
4/12/2018,1.25,
4/11/2018,1.25,
4/10/2018,1.25,
4/9/2018,1.25,
4/6/2018,1.25,
4/5/2018,1.25,
4/4/2018,1.25,
4/3/2018,1.25,
4/2/2018,1.25,
3/30/2018,1.25,
3/29/2018,1.25,
3/28/2018,1.25,
3/27/2018,1.25,
3/26/2018,1.25,
3/23/2018,1.25,
3/22/2018,1.25,
3/21/2018,1.25,
3/20/2018,1.25,
3/19/2018,1.25,
3/16/2018,1.25,
3/15/2018,1.25,
3/14/2018,1.25,
3/13/2018,1.25,
3/12/2018,1.25,
3/9/2018,1.25,
3/8/2018,1.25,
3/7/2018,1.25,
3/6/2018,1.25,
3/5/2018,1.25,
3/2/2018,1.25,
3/1/2018,1.25,
2/28/2018,1.25,
2/27/2018,1.25,
2/26/2018,1.25,
2/23/2018,1.25,
2/22/2018,1.25,
2/21/2018,1.25,
2/20/2018,1.25,
2/19/2018,1.25,
2/16/2018,1.25,
2/15/2018,1.25,
2/14/2018,1.25,
2/13/2018,1.25,
2/12/2018,1.25,
2/9/2018,1.25,
2/8/2018,1.25,
2/7/2018,1.25,
2/6/2018,1.25,
2/5/2018,1.25,
2/2/2018,1.25,
2/1/2018,1.25,
1/31/2018,1.25,
1/30/2018,1.25,
1/29/2018,1.25,
1/26/2018,1.25,
1/25/2018,1.25,
1/24/2018,1.25,
1/23/2018,1.25,
1/22/2018,1.25,
1/19/2018,1.25,
1/18/2018,1.25,
1/17/2018,1.25,
1/16/2018,1,
1/15/2018,1,
1/12/2018,1,
1/11/2018,1,
1/10/2018,1,
1/9/2018,1,
1/8/2018,1,
1/5/2018,1,
1/4/2018,1,
1/3/2018,1,
1/2/2018,1,
1/1/2018,1,
12/29/2017,1,
12/28/2017,1,
12/27/2017,1,
12/26/2017,1,
12/25/2017,1,
12/22/2017,1,
12/21/2017,1,
12/20/2017,1,
12/19/2017,1,
12/18/2017,1,
12/15/2017,1,
12/14/2017,1,
12/13/2017,1,
12/12/2017,1,
12/11/2017,1,
12/8/2017,1,
12/7/2017,1,
12/6/2017,1,
12/5/2017,1,
12/4/2017,1,
12/1/2017,1,
11/30/2017,1,
11/29/2017,1,
11/28/2017,1,
11/27/2017,1,
11/24/2017,1,
11/23/2017,1,
11/22/2017,1,
11/21/2017,1,
11/20/2017,1,
11/17/2017,1,
11/16/2017,1,
11/15/2017,1,
11/14/2017,1,
11/13/2017,1,
11/10/2017,1,
11/9/2017,1,
11/8/2017,1,
11/7/2017,1,
11/6/2017,1,
11/3/2017,1,
11/2/2017,1,
11/1/2017,1,
10/31/2017,1,
10/30/2017,1,
10/27/2017,1,
10/26/2017,1,
10/25/2017,1,
10/24/2017,1,
10/23/2017,1,
10/20/2017,1,
10/19/2017,1,
10/18/2017,1,
10/17/2017,1,
10/16/2017,1,
10/13/2017,1,
10/12/2017,1,
10/11/2017,1,
10/10/2017,1,
10/9/2017,1,
10/6/2017,1,
10/5/2017,1,
10/4/2017,1,
10/3/2017,1,
10/2/2017,1,
9/29/2017,1,
9/28/2017,1,
9/27/2017,1,
9/26/2017,1,
9/25/2017,1,
9/22/2017,1,
9/21/2017,1,
9/20/2017,1,
9/19/2017,1,
9/18/2017,1,
9/15/2017,1,
9/14/2017,1,
9/13/2017,1,
9/12/2017,1,
9/11/2017,1,
9/8/2017,1,
9/7/2017,1,
9/6/2017,1,
9/5/2017,0.75,
9/4/2017,0.75,
9/1/2017,0.75,
8/31/2017,0.75,
8/30/2017,0.75,
8/29/2017,0.75,
8/28/2017,0.75,
8/25/2017,0.75,
8/24/2017,0.75,
8/23/2017,0.75,
8/22/2017,0.75,
8/21/2017,0.75,
8/18/2017,0.75,
8/17/2017,0.75,
8/16/2017,0.75,
8/15/2017,0.75,
8/14/2017,0.75,
8/11/2017,0.75,
8/10/2017,0.75,
8/9/2017,0.75,
8/8/2017,0.75,
8/7/2017,0.75,
8/4/2017,0.75,
8/3/2017,0.75,
8/2/2017,0.75,
8/1/2017,0.75,
7/31/2017,0.75,
7/28/2017,0.75,
7/27/2017,0.75,
7/26/2017,0.75,
7/25/2017,0.75,
7/24/2017,0.75,
7/21/2017,0.75,
7/20/2017,0.75,
7/19/2017,0.75,
7/18/2017,0.75,
7/17/2017,0.75,
7/14/2017,0.75,
7/13/2017,0.75,
7/12/2017,0.75,
7/11/2017,0.5,
7/10/2017,0.5,
7/7/2017,0.5,
7/6/2017,0.5,
7/5/2017,0.5,
7/4/2017,0.5,
7/3/2017,0.5,
6/30/2017,0.5,
6/29/2017,0.5,
6/28/2017,0.5,
6/27/2017,0.5,
6/26/2017,0.5,
6/23/2017,0.5,
6/22/2017,0.5,
6/21/2017,0.5,
6/20/2017,0.5,
6/19/2017,0.5,
6/16/2017,0.5,
6/15/2017,0.5,
6/14/2017,0.5,
6/13/2017,0.5,
6/12/2017,0.5,
6/9/2017,0.5,
6/8/2017,0.5,
6/7/2017,0.5,
6/6/2017,0.5,
6/5/2017,0.5,
6/2/2017,0.5,
6/1/2017,0.5,
5/31/2017,0.5,
5/30/2017,0.5,
5/29/2017,0.5,
5/26/2017,0.5,
5/25/2017,0.5,
5/24/2017,0.5,
5/23/2017,0.5,
5/22/2017,0.5,
5/19/2017,0.5,
5/18/2017,0.5,
5/17/2017,0.5,
5/16/2017,0.5,
5/15/2017,0.5,
5/12/2017,0.5,
5/11/2017,0.5,
5/10/2017,0.5,
5/9/2017,0.5,
5/8/2017,0.5,
5/5/2017,0.5,
5/4/2017,0.5,
5/3/2017,0.5,
5/2/2017,0.5,
5/1/2017,0.5,
4/28/2017,0.5,
4/27/2017,0.5,
4/26/2017,0.5,
4/25/2017,0.5,
4/24/2017,0.5,
4/21/2017,0.5,
4/20/2017,0.5,
4/19/2017,0.5,
4/18/2017,0.5,
4/17/2017,0.5,
4/14/2017,0.5,
4/13/2017,0.5,
4/12/2017,0.5,
4/11/2017,0.5,
4/10/2017,0.5,
4/7/2017,0.5,
4/6/2017,0.5,
4/5/2017,0.5,
4/4/2017,0.5,
4/3/2017,0.5,
3/31/2017,0.5,
3/30/2017,0.5,
3/29/2017,0.5,
3/28/2017,0.5,
3/27/2017,0.5,
3/24/2017,0.5,
3/23/2017,0.5,
3/22/2017,0.5,
3/21/2017,0.5,
3/20/2017,0.5,
3/17/2017,0.5,
3/16/2017,0.5,
3/15/2017,0.5,
3/14/2017,0.5,
3/13/2017,0.5,
3/10/2017,0.5,
3/9/2017,0.5,
3/8/2017,0.5,
3/7/2017,0.5,
3/6/2017,0.5,
3/3/2017,0.5,
3/2/2017,0.5,
3/1/2017,0.5,
2/28/2017,0.5,
2/27/2017,0.5,
2/24/2017,0.5,
2/23/2017,0.5,
2/22/2017,0.5,
2/21/2017,0.5,
2/20/2017,0.5,
2/17/2017,0.5,
2/16/2017,0.5,
2/15/2017,0.5,
2/14/2017,0.5,
2/13/2017,0.5,
2/10/2017,0.5,
2/9/2017,0.5,
2/8/2017,0.5,
2/7/2017,0.5,
2/6/2017,0.5,
2/3/2017,0.5,
2/2/2017,0.5,
2/1/2017,0.5,
1/31/2017,0.5,
1/30/2017,0.5,
1/27/2017,0.5,
1/26/2017,0.5,
1/25/2017,0.5,
1/24/2017,0.5,
1/23/2017,0.5,
1/20/2017,0.5,
1/19/2017,0.5,
1/18/2017,0.5,
1/17/2017,0.5,
1/16/2017,0.5,
1/13/2017,0.5,
1/12/2017,0.5,
1/11/2017,0.5,
1/10/2017,0.5,
1/9/2017,0.5,
1/6/2017,0.5,
1/5/2017,0.5,
1/4/2017,0.5,
1/3/2017,0.5,
1/2/2017,0.5,
12/30/2016,0.5,
